{"cameraMode":{"drawMode":0,"name":"Shaded","section":"Shading Mode"},"sceneLighting":true,"audioPlay":false,"sceneViewState":{"m_AlwaysRefresh":false,"showFog":true,"showSkybox":true,"showFlares":true,"showImageEffects":true,"showParticleSystems":true,"showVisualEffectGraphs":true,"m_FxEnabled":true},"in2DMode":false,"pivot":{"x":1.7760518789291382,"y":6.270008563995361,"z":4.112881183624268},"rotation":{"x":-0.06316312402486801,"y":0.05744953081011772,"z":-0.0036448596511036159,"w":-0.9963441491127014},"size":8.176996231079102,"orthographic":false}